firstname,surname,othernames,gender,phone,date_of_birth,date_of_employment,email,tpin,idno,staffno
Aaron,Walker,Deborah,Female,7558743775,1992-10-07,2016-05-11,ununez@example.net,7G7VBWUH8X1NY,27234224,VRWLT8
Ralph,Wright,Jennifer,Female,9232469128,1938-06-20,1982-10-25,randallbenitez@example.com,HEN7W8SBFDNVH,36120656,QCE3H5
Emily,Spencer,Linda,Female,+1-788-759-7814,1969-12-16,1981-08-12,samuelgarza@example.net,FKVR630PR8DAY,77465756,X6AKLD
Kelly,Armstrong,Sydney,Male,840-918-3393,1953-01-08,1990-02-23,abyrd@example.org,Q7FGQ2YUWVDHN,50558074,CJPS3M
Samantha,Thornton,George,Female,(435)612-7694,1968-11-04,2018-07-30,kristina40@example.net,MRBIZ01HV9B2X,98327271,D5LGO4
Roger,Martin,Diane,Female,001-595-236-6461x5530,1977-06-03,2008-03-31,mcneilpaul@example.com,67I2T7VSVHL46,4856330,GOEELT
Amy,Thomas,Beth,Female,+1-772-623-9360x2626,1961-01-31,1994-09-01,carrie51@example.com,4HCHZ8WUPS8FV,86665623,X3ICX1
Reginald,Pierce,Mia,Male,2579713775,2004-03-26,2021-10-29,michelle44@example.com,L9XI0QDY0UUPY,68542386,M2JDMP
Teresa,Long,Marcus,Female,605-419-8158x316,1999-09-09,2001-07-05,abaldwin@example.net,O124NGZCPTL85,66570883,NGCGFK
Michael,Sanders,Lindsey,Female,694-902-9614,1935-09-02,1969-06-09,wcarlson@example.com,0PQ3PTWQ1N54I,67558425,DIK1QA
Hailey,Wiggins,Brenda,Male,7989885163,1967-08-21,1970-07-17,john93@example.org,OM2JH2TGUKMW0,87669301,SLZ8YR
Kimberly,Dennis,Kathleen,Male,(976)245-6619,1985-07-19,2012-10-22,rebecca27@example.com,5PV5C4ZS93WY8,22114008,HBVLSW
Courtney,White,Jason,Female,(348)365-2019x092,1942-10-08,2010-01-17,hebertpaul@example.org,EFCGXE7GJLCCF,2604109,T5AH3P
Kimberly,Butler,Darlene,Female,929-896-6531x60398,1998-05-30,2003-08-05,deborah72@example.com,L3VJ9YGDTOEFK,58809790,RJQUVE
Tyrone,Camacho,Meagan,Male,691-957-2281,1948-09-08,2001-11-28,crichards@example.net,POCYJIT0HDDGS,33415743,CZC8VB
David,Larson,Jane,Male,+1-262-999-3586,1973-12-21,1995-07-05,mcdonalderin@example.org,GTKCMR2D5NBHN,7332367,9RUH90
Angela,Miller,Cynthia,Female,001-732-466-3655x59575,1958-12-13,2010-09-03,hmiranda@example.net,1A4OZT7L5DQGT,75980374,5YKQT8
David,Crawford,Wendy,Female,860.853.0771,1939-02-17,1977-10-02,edwinburns@example.net,HULPCTEHR6LFV,86113401,AIDG85
Marie,Blankenship,Jason,Female,583.482.3248x811,1998-08-11,2017-12-13,mark91@example.org,U0UWF46EKSA0G,91629349,H1B1GI
Emily,Woods,Tracy,Male,001-462-900-9942x700,1988-10-03,2008-07-12,samantha66@example.com,C2Y5X2AZCK2XS,38266873,3FBYRO
Lauren,Petty,Duane,Female,+1-459-814-0812,1953-05-18,2021-07-02,lopeztina@example.org,QKURIJHERAZ8G,75596218,8UUV82
Samantha,Hess,Anthony,Female,731.323.4678,1933-09-07,1982-01-25,byoder@example.org,APLGJB8C077KD,93376035,534GZU
Stephanie,Lopez,William,Male,001-252-737-8494x3414,2005-06-19,2011-07-09,riveradustin@example.com,58WH1MOLL7BXM,28880531,VPSOVX
Brooke,Boyd,Angela,Male,(862)681-7901x05515,1956-06-29,1963-01-23,xtran@example.org,KF76XLJDPNFA2,96134911,3WOY3Y
Natalie,Thomas,Cheryl,Male,+1-383-493-6577x407,1933-08-13,2020-10-20,thompsonandrew@example.org,A78URSYAVA79M,99425439,B13WQ0
Stephanie,Richards,Alicia,Male,636.914.4613x47564,1959-06-08,1969-04-26,rachelrichmond@example.org,QQFEJE2NS47IC,27689240,51F41W
Jason,Wheeler,John,Female,(554)780-8921,1949-01-23,1988-08-09,zgregory@example.com,B3K5G7GAAHFGB,27804756,DRQA1M
Louis,Jenkins,Erin,Female,+1-447-454-5733x25435,1952-04-27,2014-02-20,juanwalker@example.org,3YGGUY5ZQH278,38728580,YXXUYR
Christina,Stephens,Jonathon,Male,6794584354,1980-10-11,1991-10-21,kimberly49@example.net,LU1FE5GR1IEOB,99304993,OSL8SF
Gabriel,Munoz,Lawrence,Female,346.932.5704x552,1959-01-15,2015-04-19,johnsonsharon@example.org,7QJON5QAYXELV,61802521,WVOCJZ
Randy,Koch,Leslie,Male,950.723.8329x063,1980-03-26,2006-07-10,veronica92@example.com,234XU7DHV30NZ,70087465,UQGIMD
Mark,Singleton,Gary,Female,+1-674-713-4451x1095,1975-11-21,1996-07-26,garygeorge@example.net,VAJHQMELHSG2G,55884042,PUP6TK
Emily,Weber,Michael,Female,508.821.2395x383,2004-11-03,2009-04-07,cynthia50@example.net,IFGR7T4PT83PZ,41888463,7L56VJ
Adam,Conner,Michelle,Male,(717)316-1926,2000-02-07,2023-03-27,kathytran@example.net,SOBO41RYF3M9G,81076065,0W5FVD
Amanda,Freeman,Brady,Female,(929)632-6752x30204,1953-02-18,1993-11-26,pagecarl@example.org,0DRME01LJKEFA,8625667,Z5FH6W
Melissa,Mcconnell,Sandy,Male,+1-971-627-9958x31377,1990-05-17,1996-04-16,zunderwood@example.net,474RD4QHXD4IB,70944295,F9OTAS
Thomas,Brown,Sabrina,Female,+1-229-540-6013x69688,1980-03-11,2007-11-14,wrighteric@example.net,TCDTQC1FR9TFD,22739807,DSAA9Z
George,Ellis,Andrew,Female,992-538-6331x65343,1977-03-18,2006-05-04,goodmankaren@example.org,10USX9YUCWQ0D,6503450,VEROE0
Christina,Hoover,Kimberly,Male,(880)373-7428x367,1987-01-30,1993-07-16,sflynn@example.org,YC0AX65XQF7D0,59347396,R7R51E
Hannah,Love,Christine,Female,6418638824,1996-03-16,1997-06-29,whiggins@example.net,NM822ZWAOOHN1,85351756,XGBXOV
Brandon,Smith,Anthony,Female,371.499.3733,2003-12-01,2018-11-10,marysalinas@example.net,G7NFGOS46T5DW,67771548,XYRIXS
Kayla,Campbell,Gabrielle,Male,632-934-0446x55216,1981-02-15,2013-02-26,william36@example.org,3YOQWPPR973B6,75989732,CFZHAI
Michelle,Mitchell,Raymond,Female,001-247-880-9065x9977,2005-02-07,2006-12-04,hpaul@example.com,2VZ38MJ7OZDWU,10361720,O0IFAN
Joshua,Kline,Jacob,Male,(219)663-0711,1978-12-20,1999-07-20,scarson@example.org,TAF7T1EYVQ4G6,22848472,YSA8HW
William,Rodriguez,Kenneth,Male,001-864-261-4711x54303,1935-07-14,1969-07-10,gsalinas@example.net,VOZJKD75H3SHW,20798990,YH70I5
Amy,Thomas,Michelle,Female,921.645.3196,1961-01-24,1992-05-06,dakotalynch@example.org,09B8JKWVCAJRI,2292702,QI77SC
Patricia,Curtis,Jennifer,Male,357.821.2848,1991-06-19,2015-06-06,jamie01@example.com,27I6FBETNO9XU,27394980,CD7MPJ
Valerie,Roberts,Wanda,Male,3522677599,1973-04-15,2013-04-22,frostmichael@example.com,RFP0Q01EY32GC,80450289,SZGOWZ
Tina,Blevins,Tiffany,Male,932.974.4870x482,1939-12-31,1996-07-13,brandonpatel@example.com,NTSIBAEO3WBKG,38047847,5D2NNL
Evelyn,Ball,Paul,Male,+1-594-672-4724x3955,1974-05-20,2018-03-31,ocollins@example.org,I7LY555PXL23S,630181,LZS7IS
Chelsea,Myers,Allen,Male,+1-426-389-2437x335,2002-10-11,2020-06-14,clarklauren@example.net,7IJZP93I7L7SX,83561760,ZBMDL7
Jason,Mercado,Dana,Female,249.235.3769x432,1956-07-01,2019-07-24,heatherwilliams@example.net,8F8QEU2R8LBQD,26971489,PSIN8U
Nicholas,Green,Russell,Male,+1-327-421-4712x730,1991-07-23,2023-09-12,garygould@example.org,6245SHM5U4OWH,4707274,O9CNE5
Lori,Roberson,Mary,Male,001-484-585-2220x8497,1981-09-03,1983-12-10,umartinez@example.com,84X8HZMAWT5A4,2972191,4HA70J
April,Taylor,Jennifer,Male,6739060862,1938-01-15,1967-12-12,jose98@example.org,FQW6HUAEJBGGT,23446429,XZFAI1
Jonathan,Meyer,Christine,Female,+1-768-747-0184x6340,1983-12-09,1984-09-05,omayo@example.org,BJ87SL967NULC,64448028,QCR87W
Matthew,Martin,Amber,Female,377.467.0562x679,1985-03-22,2021-01-17,lance78@example.com,91Y6RV1A6SO01,3975919,TKTJ76
Megan,Brown,Erica,Female,591.507.9833,2002-03-02,2008-02-27,heather45@example.org,D5BNGNVYHMG3S,56865838,7DO8RH
Donald,Ramos,Frank,Male,860.742.5284x65132,1939-08-05,1995-06-05,robert65@example.org,JVNEK9HMF2DZW,42216777,4GAQ25
Stephen,Valdez,Daniel,Male,535.712.4452x806,1968-12-15,1992-07-06,wkim@example.org,U63LJH20O9E5T,28191186,D243M4
Nicole,Gilbert,Adrian,Male,(910)822-9042x930,1990-09-10,2012-12-22,andreajordan@example.com,37M8X6RSUODJ7,97520988,SGTHHJ
Brian,Gaines,Aaron,Female,643-942-2273,2003-12-15,2004-08-27,liann@example.com,DEODSJARVP7XZ,30211838,614T7X
Jessica,Gross,Jerry,Female,479-996-4040,1941-09-05,2012-03-31,josephcrawford@example.org,MAZ3V94DEO1WJ,15072969,EUREKJ
Dustin,Macdonald,Jessica,Male,494-649-4020,1995-06-18,2018-11-05,brooksdevon@example.com,N08YBZF1U5GBD,37382564,UNN0AF
Steven,Vazquez,James,Female,421.240.3419,1973-10-03,2011-04-21,scotttaylor@example.org,1HR14JFNSV50G,2147122,TUO994
Jason,Wu,Kristina,Female,+1-984-946-9887x003,1971-05-12,1985-03-18,chris07@example.net,PGLOFNQQMEUII,57253277,C10M4B
Kathleen,Long,Isaac,Female,638.346.0638x6506,1979-12-16,1988-12-05,sharonwilliams@example.net,D6VYLHCXKRS0P,42176430,0YD8UB
Marcus,Chen,Tammy,Female,2503253258,1961-12-08,1980-11-11,raymondashley@example.net,WDF2HCYTADZDA,96537466,39A639
Gregory,Coleman,Ashley,Female,213-343-5011,1969-07-24,2013-08-01,jonreid@example.org,8T9N3689BYBP8,62608632,MMOY8I
Travis,Smith,Joanna,Female,001-933-242-4927x8346,1945-05-02,1998-08-02,josephflores@example.com,027G26LOC224R,87261700,UGHTMZ
Christina,Johnson,Michael,Female,001-222-643-8811,2002-12-28,2017-06-28,scott16@example.com,1PIUVTR1HKDTP,36419751,7VJL6F
Brad,Patel,Thomas,Male,375-760-6950x38292,1961-09-11,1969-07-15,tclark@example.net,8B5H9ZATJUS64,14224618,SQHRCT
Monica,Blackburn,Samantha,Female,001-761-252-3275x0059,1947-01-10,1977-09-06,rsmith@example.org,UO0TT99ZAH5JB,39478147,U48HH8
Amber,Estrada,Jeffrey,Male,285-475-7377x0873,1948-04-19,1962-09-20,ugonzalez@example.com,14FWE83RGDFTQ,26138824,SW4W7I
Kayla,Barry,Eric,Female,759-306-8636x4109,1961-08-31,1997-11-11,icook@example.net,ZQOUCBT84OAB9,12958976,OYDODT
Jonathan,Guzman,Kyle,Female,387-453-0296x8596,1949-10-21,1974-05-21,qmyers@example.net,KDA8QVB4Y7A46,85424986,JF6BAC
Julie,Berger,Justin,Female,4976181064,1941-03-03,1997-12-17,james07@example.net,FR9VZP5YE1QLV,42453893,WDNO76
Misty,Cameron,Mary,Female,(864)350-2891x346,1949-05-01,1972-08-06,christina56@example.com,VGPOPZ3IFMPBD,19178468,7GUW22
Molly,Moses,Kristina,Male,+1-825-290-7552,1934-04-01,2007-10-04,hharris@example.com,0TDHY0V4OODHP,18732491,JFLROO
Francis,Norton,Mary,Female,(606)955-5924,1948-05-10,2002-06-21,jmckinney@example.org,4CWIQ4BPB2TD0,97032684,UNVPKL
Shawna,Edwards,Sandra,Female,+1-632-537-5309x328,1961-12-10,2017-12-04,brianmorales@example.org,FT8LF31MRK6O2,89620319,KX3CF7
Matthew,Mitchell,Christopher,Female,001-989-823-8082x9029,1989-07-24,2017-09-11,brownkatie@example.org,PY03F777L7LV1,49859174,H6QNNH
Marcus,Singh,Jimmy,Female,(327)290-5129,1939-01-07,2021-05-09,tmartin@example.org,3HZBGAE0T1AWQ,94407256,HJJMLF
Samantha,Lee,Sarah,Male,(274)566-0395x15442,1954-04-14,1979-12-16,sherryavila@example.net,X9QZZUJ0BKPXR,71175728,M8YOPQ
Tara,Reeves,Luis,Female,607-579-6378x6130,1997-01-13,2015-06-05,franciscobrown@example.org,6AP9S8CKIS23C,51266906,5TBW1L
Lauren,Knox,Thomas,Female,493-679-5862x9087,1973-06-12,1997-08-08,adamsjonathan@example.com,495N5PM0BPURX,36222908,LMCWEI
John,Ashley,Amanda,Female,(409)858-7610,1966-02-03,1984-02-14,ehoward@example.net,I9ILXCDE7WQ8Y,61063003,001QJA
Christopher,Shaffer,Lance,Male,(830)240-9924x718,1988-07-28,1992-02-23,juanbrown@example.com,KSI5CS3C2P3PO,5077174,16ZX1N
Glenn,Ferguson,Barbara,Female,(387)775-2706x0962,1943-02-06,1975-06-25,utravis@example.org,3VQEIOC1PYUEY,76804899,VPS4WL
William,Christensen,James,Male,4166621869,1997-07-31,2008-01-05,paulaestrada@example.org,OQKY27WZPVOT3,24022110,RUOAO3
Franklin,Powell,Victoria,Female,675.900.9192,1998-11-23,2019-11-20,theodore29@example.com,WQCA2CME29GA4,44411308,Z8INCT
Kristie,Hanna,Connie,Male,731.586.5391x37065,1992-03-19,1995-05-12,nicolepatterson@example.org,2C471FAU69AH6,72805945,KPVFK8
Amy,Brown,David,Female,5854297076,1961-06-03,1993-09-01,lindsaybanks@example.org,CEVS3GAMMQD9X,72465674,TEGFBC
Alexandra,Perez,Bradley,Male,(288)565-5529x2598,1983-09-03,2022-11-23,kristy53@example.com,POIC3DCWJXCFP,69501541,K6AA9H
David,Romero,Amy,Male,428-982-1726,1970-11-25,1993-12-05,elopez@example.net,P4ZOUTWVHONYN,88502737,2A1X9W
Rachel,Moss,Mitchell,Male,201.517.5728,1946-06-28,1987-02-08,ianderson@example.net,NZ4HMZC1DZPVN,42873354,YXKIYJ
Cindy,Stephenson,Leonard,Female,+1-621-663-1572x3960,1952-04-14,1954-11-15,yvettemartin@example.net,25R1QGRJW2DMR,64790439,03KHWT
Julie,Butler,Stephanie,Female,(224)428-1484x358,1963-07-19,2012-02-23,ajacobson@example.com,EHXMCN730Z70E,66810535,Q8HZ2L
Marcus,Lloyd,Vanessa,Male,(913)912-1261x82867,1972-07-11,1981-10-12,brandon33@example.net,E7JPID5Q2JULE,83193461,YBNLD7
Michelle,Russell,Nicole,Male,685-599-6165,1952-06-27,1977-09-29,udiaz@example.org,NUGPFQJXK6Q23,82599661,ZU2IO8
